<DatabaseSpecifications>
   <ApplicationDB>
      <ExtractSubmitDelete type="DataTypes">ApplicationDB\DataTypes.zip</ExtractSubmitDelete>
      <ExtractSubmitDelete type="Tables">ApplicationDB\Tables.zip</ExtractSubmitDelete>
   </ApplicationDB>
   <FormsDB>
      <ExtractSubmitDelete type="Forms">FormsDB\Forms.zip</ExtractSubmitDelete>
      <ExtractSubmitDelete type="Strings">FormsDB\Strings.zip</ExtractSubmitDelete>
   </FormsDB>
   <TemplatesDB />
   <ObjectsDB>
      <ExtractSubmitDelete type="Data">ObjectsDB\Data.zip</ExtractSubmitDelete>
   </ObjectsDB>
</DatabaseSpecifications>